{"cameraMode":{"drawMode":0,"name":"Shaded","section":"Shading Mode"},"sceneLighting":true,"audioPlay":false,"sceneViewState":{"m_AlwaysRefresh":false,"showFog":true,"showSkybox":true,"showFlares":true,"showImageEffects":true,"showParticleSystems":true,"showVisualEffectGraphs":true,"m_FxEnabled":true},"in2DMode":false,"pivot":{"x":22.015024185180665,"y":-85.08317565917969,"z":66.26629638671875},"rotation":{"x":-0.01238271128386259,"y":0.8519953489303589,"z":-0.5257334113121033,"w":0.010915273800492287},"size":107.42713165283203,"orthographic":false}